46,1,1.6,consequat nulla,2/21/2022,4,
82,1,3.4,aliquam non,4/15/2021,46,
70,2,3.3,pellentesque,10/25/2021,22,
83,4,2.8,volutpat,6/25/2021,61,
6,5,3.4,pede,2/15/2022,48,
11,5,1.4,eu pede,2/13/2022,44,
78,5,3.9,ut dolor,5/23/2021,94,
94,6,1.2,elementum pellentesque quisque porta,12/5/2021,46,
35,8,1.1,nulla tellus,2/16/2022,91,
82,9,3.1,eget nunc donec quis orci,4/24/2021,67,
43,10,1.2,amet sapien dignissim vestibulum,11/24/2021,90,
75,10,4.1,hac habitasse platea dictumst maecenas,9/15/2021,60,
10,13,1.1,sit amet justo,5/19/2021,36,
16,14,4.1,dolor vel,12/13/2021,6,
38,14,3.3,dui vel sem sed sagittis,7/1/2021,59,
70,14,1.6,ut rhoncus aliquet,8/9/2021,67,
49,15,2,velit,6/24/2021,95,
65,15,2.6,eu,1/27/2022,67,
84,15,4.4,donec odio,10/18/2021,98,
95,15,2.5,ligula pellentesque,10/26/2021,56,
16,16,2.7,orci nullam molestie,1/9/2022,63,
32,16,2.5,nunc purus phasellus in,9/26/2021,45,
31,17,4.1,feugiat,2/9/2022,18,
53,17,3,sed augue aliquam,2/10/2022,14,
57,17,1.6,molestie nibh in,11/12/2021,97,
57,18,4.8,vestibulum ante ipsum,12/20/2021,39,
5,19,2.5,vivamus,12/16/2021,71,
16,19,2.7,convallis eget eleifend luctus,11/1/2021,64,
61,19,2.2,sit amet eros suspendisse accumsan,3/27/2021,91,
17,20,3.9,sociis,8/25/2021,2,
60,21,4.7,cubilia curae,3/18/2022,50,
71,22,3.3,massa donec dapibus duis,3/24/2022,77,
96,22,2.9,proin risus praesent lectus,12/5/2021,37,
71,23,3.9,nulla facilisi cras non,9/1/2021,12,
23,24,3.8,mattis pulvinar,6/22/2021,63,
62,24,2.4,mattis odio donec vitae nisi,3/1/2022,42,
23,25,4.5,volutpat erat quisque erat,2/28/2022,50,
7,26,1.2,mauris vulputate,3/3/2022,92,
21,26,1.5,convallis duis consequat dui nec,3/15/2022,61,
22,26,1.1,praesent blandit nam nulla,7/17/2021,13,
47,27,4,donec ut dolor morbi vel,7/8/2021,76,
76,27,1.7,sit,9/23/2021,25,
99,30,4.5,imperdiet sapien,12/4/2021,49,
68,31,1.1,posuere cubilia curae donec,9/5/2021,4,
57,34,2.3,sed tristique in tempus sit,9/1/2021,63,
53,35,3.3,mollis molestie lorem,3/31/2021,1,
55,35,1.7,quam suspendisse potenti nullam porttitor,8/26/2021,69,
63,35,1.7,proin at turpis,2/23/2022,24,
34,36,2.1,in faucibus,1/18/2022,48,
38,36,2.5,ac diam cras pellentesque,12/26/2021,50,
91,36,1.9,lorem integer tincidunt ante vel,12/21/2021,57,
17,40,4.2,mollis,4/27/2021,68,
53,40,4.5,duis bibendum felis,1/21/2022,43,
95,40,3.2,sollicitudin ut suscipit a feugiat,2/1/2022,41,
64,41,3.4,accumsan felis ut at dolor,4/24/2021,74,
70,41,2.4,risus,4/26/2021,82,
30,42,2.3,mollis molestie lorem,11/5/2021,25,
53,42,3.2,interdum mauris ullamcorper purus,4/30/2021,44,
77,42,1.1,ut mauris eget massa,2/20/2022,64,
78,43,4.6,curabitur at ipsum ac tellus,2/10/2022,46,
21,44,3.5,luctus cum sociis natoque,8/23/2021,92,
34,44,2.1,mattis egestas metus,12/1/2021,19,
26,47,4.6,lacus at velit vivamus vel,3/11/2022,48,
32,48,1.6,donec semper,5/3/2021,2,
38,50,4.9,et tempus semper est quam,8/11/2021,18,
61,50,4.7,turpis,11/18/2021,22,
63,50,4.3,odio justo sollicitudin ut suscipit,5/7/2021,65,
32,51,4.1,vitae nisl aenean lectus,3/26/2022,4,
76,52,2.7,venenatis,1/29/2022,36,
34,56,2.9,tellus,4/10/2021,56,
64,56,3,enim lorem,11/19/2021,33,
79,57,2.1,vel dapibus,10/17/2021,91,
6,58,2.7,habitasse platea dictumst maecenas,7/24/2021,84,
29,58,3.2,et eros vestibulum ac est,2/27/2022,27,
53,60,1.6,venenatis lacinia aenean sit amet,9/6/2021,86,
4,61,3,commodo placerat,8/16/2021,32,
17,62,3.1,venenatis lacinia aenean sit amet,11/11/2021,48,
88,63,3.2,viverra pede ac diam,1/3/2022,86,
30,64,2.4,sapien cursus,9/10/2021,30,
72,65,1.3,velit,2/23/2022,75,
15,66,2.3,maecenas leo odio condimentum id,8/18/2021,60,
62,67,1.1,etiam,5/9/2021,55,
75,67,3.9,elementum nullam varius nulla facilisi,12/22/2021,45,
76,67,4.2,nullam molestie nibh,2/13/2022,50,
49,68,2.3,id nulla,6/21/2021,39,
50,68,2.6,aliquam non mauris morbi non,8/27/2021,1,
58,68,4.6,non interdum in ante vestibulum,8/8/2021,22,
64,68,1.4,erat,6/5/2021,62,
31,69,4.7,curae mauris viverra diam vitae,8/16/2021,55,
4,70,2.9,luctus tincidunt nulla mollis molestie,11/13/2021,10,
82,74,4.6,nibh in quis,8/15/2021,51,
82,75,4.3,et commodo,1/18/2022,17,
63,76,1.3,scelerisque mauris sit amet eros,12/24/2021,20,
11,77,3,mus vivamus,5/25/2021,57,
80,78,2.6,mauris ullamcorper purus,4/13/2021,62,
95,78,4.7,ut volutpat sapien,11/5/2021,68,
59,79,3.9,nam tristique tortor,9/6/2021,44,
15,81,4.1,cursus vestibulum proin eu,5/21/2021,88,
77,81,1.4,feugiat et eros vestibulum,9/29/2021,56,
79,82,4.9,risus dapibus augue vel accumsan,6/6/2021,1,
65,83,4.4,tincidunt,8/21/2021,71,
68,84,1.6,congue eget semper,2/22/2022,39,
80,84,2,justo eu,3/23/2022,29,
7,85,4.7,faucibus orci luctus,10/13/2021,22,
97,86,2.4,praesent blandit lacinia,7/3/2021,76,
90,87,4.8,faucibus cursus,5/31/2021,24,
3,88,1.4,justo in,1/5/2022,57,
68,88,1.3,risus praesent lectus,7/11/2021,26,
53,91,2.2,diam in,2/26/2022,95,
96,92,1.4,molestie nibh in lectus,2/25/2022,45,
12,93,4.9,ridiculus,5/1/2021,63,
59,93,4.4,tortor quis turpis sed ante,12/17/2021,85,
57,94,3.1,turpis a pede posuere,10/2/2021,6,
73,94,4.4,vivamus vel,10/11/2021,20,
99,94,3.4,ac enim in tempor turpis,6/21/2021,12,
94,95,4.4,nulla pede ullamcorper augue,6/3/2021,44,
65,96,2.5,nibh in,7/28/2021,33,
76,96,3,odio elementum eu interdum eu,4/13/2021,15,
20,99,2.2,magna ac consequat,2/24/2022,62,
67,99,3.4,ut volutpat sapien arcu,4/29/2021,27,
58,100,3,eget tincidunt,2/16/2022,36,
35,103,3.9,vestibulum velit id pretium,10/19/2021,58,
80,104,2.3,aenean,11/7/2021,51,
97,104,2.7,purus aliquet,3/26/2022,31,
28,105,4.6,nascetur ridiculus,12/3/2021,56,
28,106,1.7,maecenas leo odio,9/10/2021,79,
54,106,2.6,volutpat,4/5/2021,20,
67,106,4,cum sociis natoque,12/10/2021,64,
53,107,4.4,tortor duis mattis egestas,3/24/2022,51,
94,107,4.4,vestibulum ante ipsum primis,11/25/2021,15,
5,110,3.8,eget rutrum at lorem integer,5/7/2021,16,
27,110,4.1,dolor sit,9/19/2021,77,
95,110,4.1,nam nulla integer,1/9/2022,44,
18,111,4.8,nibh,5/1/2021,90,
90,111,2.1,suscipit nulla elit,2/9/2022,74,
49,112,4,rhoncus sed vestibulum sit,9/1/2021,94,
17,113,2.6,vestibulum aliquet,4/5/2021,75,
33,113,1.2,diam erat fermentum,10/31/2021,47,
15,115,4,non velit nec nisi vulputate,1/30/2022,30,
70,116,4,vel pede,2/21/2022,18,
35,118,1.9,sed,5/4/2021,35,
55,118,4.8,blandit ultrices enim,6/11/2021,99,
97,118,4.5,nisi eu,3/23/2022,14,
100,118,4.4,vivamus vestibulum sagittis sapien cum,12/24/2021,93,
7,119,2.6,semper est,9/7/2021,78,
7,120,1.4,venenatis,1/22/2022,10,
25,120,1.7,donec odio justo sollicitudin,2/5/2022,41,
16,121,1.7,quisque arcu libero rutrum ac,9/12/2021,80,
28,122,4.3,justo,10/29/2021,15,
61,123,1.7,nullam porttitor,5/31/2021,96,
69,123,1.3,vestibulum sagittis sapien cum,2/26/2022,36,
63,124,2.9,facilisi cras non,10/26/2021,52,
80,124,4.2,sed sagittis nam congue risus,4/16/2021,66,
83,124,4.8,ante vel,10/27/2021,40,
96,124,1.2,luctus ultricies eu,9/15/2021,43,
23,125,1.2,amet,8/2/2021,95,
95,125,4,at turpis,4/16/2021,76,
69,127,3.1,sit amet sem fusce,10/21/2021,4,
47,129,3.6,sed tristique in tempus,10/20/2021,44,
30,130,3.5,a suscipit,5/5/2021,2,
66,130,1.5,duis aliquam convallis,10/15/2021,44,
27,131,1,nulla nisl nunc nisl duis,10/27/2021,38,
51,131,1.4,justo lacinia,8/17/2021,23,
63,132,4.1,ultrices erat tortor sollicitudin,12/7/2021,82,
100,136,4.5,mauris non ligula pellentesque,5/7/2021,43,
1,138,2.6,leo maecenas pulvinar,12/25/2021,49,
93,138,3.7,vulputate luctus cum sociis,1/4/2022,65,
33,140,2.7,ridiculus mus,7/2/2021,38,
38,140,4.1,nunc commodo placerat,2/24/2022,60,
30,141,1.9,commodo vulputate justo in,1/22/2022,3,
18,143,3.7,in,8/25/2021,27,
70,143,3.5,convallis nunc proin,12/31/2021,54,
46,144,2.9,at turpis donec,8/31/2021,23,
66,144,1.5,metus arcu adipiscing,6/19/2021,11,
74,144,2.7,etiam vel augue,3/1/2022,71,
44,145,3.4,quam,11/8/2021,6,
23,146,1.9,erat nulla tempus vivamus in,10/5/2021,69,
46,146,3,in felis donec semper,8/26/2021,45,
19,147,3.8,dictumst maecenas,6/8/2021,6,
88,147,4.1,habitasse platea dictumst,2/4/2022,90,
48,148,3.3,mollis molestie lorem quisque ut,11/2/2021,52,
98,148,2.5,in,2/17/2022,17,
8,149,4.2,ante vestibulum ante ipsum primis,11/2/2021,59,
59,149,1.7,viverra,11/24/2021,97,
16,150,3.4,integer tincidunt,5/13/2021,50,
31,151,2.6,mattis,5/6/2021,46,
94,151,3.6,justo sollicitudin ut suscipit a,3/5/2022,26,
48,153,1.7,vehicula condimentum curabitur in libero,2/5/2022,26,
61,153,1.3,interdum venenatis turpis enim,5/20/2021,51,
7,154,3.3,ut,12/29/2021,68,
30,154,2.4,lobortis vel,12/16/2021,80,
28,155,1.2,in lacus curabitur,12/1/2021,13,
53,155,2.2,pharetra magna vestibulum,5/28/2021,90,
90,155,3.2,id sapien,5/2/2021,36,
26,156,2.3,tristique tortor eu,6/2/2021,49,
74,156,1.1,lorem quisque,12/3/2021,61,
46,157,3,nisi nam ultrices,6/14/2021,50,
55,157,4.7,turpis enim blandit,12/15/2021,81,
81,157,1.1,quam pharetra magna,5/30/2021,83,
10,158,1.8,leo maecenas pulvinar,11/22/2021,40,
71,158,1.3,turpis integer,6/24/2021,87,
12,160,3.4,arcu sed augue aliquam,6/28/2021,8,
98,162,1.7,nulla sed,11/1/2021,2,
70,164,1.2,elit sodales scelerisque,8/3/2021,48,
77,164,1.8,morbi,2/17/2022,60,
11,167,4,bibendum felis sed interdum,9/10/2021,54,
65,167,2.3,potenti,5/14/2021,44,
74,167,4.6,primis,1/26/2022,21,
34,168,4,ligula suspendisse,11/23/2021,51,
64,168,1.7,primis in faucibus orci luctus,7/28/2021,49,
50,171,3.2,est lacinia nisi,7/16/2021,60,
97,172,2.6,in lacus curabitur at,12/20/2021,71,
13,174,3,ut volutpat sapien,2/18/2022,88,
73,174,1.2,enim sit amet nunc,4/15/2021,54,
85,174,2.4,id ligula suspendisse ornare consequat,1/31/2022,4,
58,175,1.5,et,2/12/2022,75,
79,175,1.4,in faucibus orci luctus,5/15/2021,39,
52,176,4.1,hac habitasse platea dictumst aliquam,4/24/2021,16,
64,176,4.8,amet eleifend pede libero quis,12/24/2021,26,
19,180,4.6,nulla ac enim,12/9/2021,48,
24,181,4.9,nulla justo aliquam quis,2/12/2022,88,
42,182,4,aliquam sit amet diam,10/3/2021,53,
53,182,4.4,feugiat,10/3/2021,38,
47,183,1,in,8/14/2021,86,
2,184,3.6,amet cursus id turpis,2/17/2022,91,
37,184,1,eget tempus vel,5/30/2021,49,
61,184,2.7,nisi,6/30/2021,16,
88,184,4,turpis adipiscing lorem vitae,8/24/2021,2,
3,185,4,duis bibendum morbi non quam,12/8/2021,2,
30,186,2,mauris morbi non lectus aliquam,11/6/2021,46,
35,186,4.7,pede venenatis non sodales,6/24/2021,69,
87,187,3.6,dui proin,3/21/2022,30,
17,188,2.2,ut nunc vestibulum ante ipsum,12/31/2021,72,
53,188,3.5,ac,10/25/2021,81,
72,188,3.8,ut nunc vestibulum,6/1/2021,76,
90,188,2.3,pede libero quis orci nullam,2/16/2022,19,
67,189,2.3,platea dictumst morbi,1/4/2022,20,
8,190,3.8,cubilia curae mauris viverra diam,5/11/2021,44,
15,190,3.6,erat tortor sollicitudin mi,9/26/2021,93,
20,190,1.5,ipsum,10/10/2021,36,
91,190,3.6,quisque,6/12/2021,33,
9,192,1.6,primis in faucibus orci luctus,9/29/2021,91,
21,192,1.6,proin at turpis a,6/22/2021,65,
82,192,1.7,vulputate ut,3/14/2022,7,
95,193,3,luctus,7/25/2021,66,
5,194,4.2,enim blandit mi,10/8/2021,87,
79,194,2.5,pretium nisl,10/31/2021,29,
12,196,4.6,lorem ipsum,4/5/2021,6,
8,197,3.9,morbi odio odio,1/16/2022,7,
80,197,3.1,duis bibendum morbi non,8/16/2021,11,
66,198,1.8,volutpat convallis morbi odio odio,4/3/2021,7,
67,198,1.2,lacinia eget tincidunt eget tempus,1/23/2022,15,
40,200,2.6,duis mattis,7/15/2021,94,
17,201,2,nisl,2/7/2022,77,
68,202,2.4,libero,3/14/2022,25,
89,202,1.9,suspendisse,5/20/2021,35,
20,203,3.8,donec ut mauris eget massa,8/25/2021,14,
29,205,2.7,purus eu magna vulputate,1/26/2022,14,
76,206,3.2,venenatis tristique,7/12/2021,33,
87,206,4.3,vel dapibus,6/15/2021,73,
62,207,2.7,vulputate elementum nullam varius,3/12/2022,17,
98,207,1.6,vitae consectetuer,10/1/2021,12,
41,209,2.9,morbi odio odio elementum eu,9/30/2021,1,
46,209,4.9,morbi odio odio,11/22/2021,73,
100,209,3.4,sed,2/8/2022,32,
11,212,2.1,consectetuer,6/11/2021,40,
49,213,3.3,eu mi nulla ac enim,1/14/2022,84,
70,213,4,integer aliquet,11/2/2021,78,
9,214,1.9,erat quisque erat,4/29/2021,63,
55,215,2.3,vel nulla eget eros elementum,2/22/2022,75,
60,215,4.6,fusce lacus purus,5/31/2021,38,
14,216,2.3,sem praesent id massa id,4/21/2021,2,
32,216,1.6,tortor,3/12/2022,20,
34,217,4.3,lacus at velit vivamus vel,12/13/2021,11,
76,217,4.5,diam id ornare imperdiet sapien,9/6/2021,33,
83,217,4.1,vulputate vitae nisl aenean,1/26/2022,7,
68,218,3.5,ligula pellentesque ultrices phasellus,4/27/2021,75,
98,219,4.6,augue,5/11/2021,47,
34,220,3.8,quis lectus,10/29/2021,37,
4,221,3.7,tellus in,12/27/2021,36,
72,221,5,augue aliquam erat,4/14/2021,8,
38,222,2.2,ante vivamus tortor duis,7/5/2021,79,
92,225,3.2,porta volutpat erat,5/16/2021,46,
8,226,1.8,pellentesque viverra pede ac diam,8/27/2021,61,
15,226,1.6,mi in,7/28/2021,87,
38,226,3.1,aliquet,12/18/2021,11,
62,228,1.3,pellentesque at nulla,10/16/2021,32,
38,229,1,est,2/12/2022,81,
69,229,2.5,etiam,11/30/2021,75,
87,229,4.3,consectetuer adipiscing elit,12/10/2021,41,
86,232,4.5,primis in faucibus orci,2/1/2022,3,
41,233,2.6,est lacinia,9/21/2021,11,
84,233,1.8,suspendisse ornare consequat lectus,8/4/2021,30,
66,234,1.6,augue vestibulum rutrum rutrum neque,7/14/2021,27,
19,235,1.7,primis in faucibus,5/8/2021,72,
70,235,2.2,vulputate ut ultrices vel,9/3/2021,14,
72,235,4.6,imperdiet et commodo vulputate justo,12/1/2021,62,
83,235,2.7,hac,3/3/2022,97,
1,236,4.8,ligula nec sem duis aliquam,10/19/2021,8,
64,237,1.2,turpis eget elit,1/4/2022,35,
69,237,4.2,diam in magna,11/23/2021,6,
91,237,4,duis,3/10/2022,14,
38,238,4.3,semper interdum,2/1/2022,19,
45,239,2,sagittis nam congue,3/1/2022,44,
80,240,3.4,non mi,1/15/2022,75,
91,243,2.9,dignissim vestibulum vestibulum ante,11/8/2021,69,
31,244,4.2,luctus et ultrices posuere cubilia,4/8/2021,70,
46,244,1.1,ultrices posuere cubilia curae donec,1/24/2022,66,
90,244,3.8,venenatis non sodales sed tincidunt,9/3/2021,98,
28,245,3.4,rutrum,8/2/2021,48,
51,245,3.7,mauris viverra,1/7/2022,100,
63,245,2.6,ultrices,11/22/2021,23,
14,246,2.2,ante vivamus tortor duis mattis,3/23/2022,87,
40,247,4.2,aliquet maecenas leo odio,9/22/2021,37,
39,249,4.8,orci vehicula condimentum,5/3/2021,51,
57,250,2.9,sem,9/17/2021,40,
60,250,2.4,volutpat in congue,5/16/2021,67,
74,251,4.2,eu nibh,1/19/2022,70,
88,251,1,dui vel,11/14/2021,22,
35,252,4.7,luctus et,4/2/2021,17,
55,255,2,non velit nec,8/27/2021,88,
24,256,3.8,tristique in tempus sit,10/16/2021,60,
93,256,3.2,nam tristique,9/24/2021,32,
1,259,1.2,ut massa volutpat,2/11/2022,89,
74,260,2.1,curae duis faucibus,6/26/2021,95,
79,260,4.9,aliquam erat volutpat,12/28/2021,65,
94,263,3.2,ultrices mattis odio donec vitae,5/31/2021,52,
73,264,3.1,urna ut tellus nulla ut,4/1/2021,14,
77,265,4.7,malesuada,3/3/2022,62,
96,265,1.8,nec molestie sed justo,6/23/2021,8,
80,266,1.9,ante nulla justo,1/1/2022,86,
88,267,3.9,curabitur in,6/26/2021,33,
21,268,4.2,nisi eu,3/24/2022,28,
48,268,4.5,vel ipsum,7/14/2021,29,
73,268,1.7,erat tortor sollicitudin mi,5/11/2021,48,
2,269,3.6,eget congue eget semper rutrum,6/26/2021,22,
74,269,1.9,parturient montes nascetur ridiculus mus,5/29/2021,46,
12,270,2.4,eleifend donec ut dolor morbi,12/13/2021,25,
6,271,2.2,adipiscing,10/30/2021,7,
90,271,2.4,imperdiet sapien urna pretium,3/27/2021,75,
93,272,4.5,a suscipit nulla,1/1/2022,42,
36,273,2.1,scelerisque mauris sit amet eros,11/28/2021,52,
91,273,2.6,neque,3/25/2022,29,
24,274,3.4,dolor sit,9/25/2021,79,
89,274,3.9,duis,8/14/2021,40,
54,277,4.2,eget orci vehicula,4/20/2021,15,
35,278,4.3,ultrices phasellus id sapien in,10/15/2021,21,
88,278,4,lacinia erat vestibulum,11/23/2021,97,
1,279,2.3,vestibulum,5/10/2021,14,
59,279,3.7,luctus et ultrices,7/22/2021,19,
82,280,1.1,vel pede morbi porttitor lorem,6/25/2021,98,
2,282,3.2,nulla quisque,7/29/2021,35,
15,283,1,justo morbi ut,11/5/2021,14,
22,283,3.5,amet nunc viverra,1/28/2022,16,
35,284,2.1,turpis,8/28/2021,86,
56,284,4.4,vel enim,3/13/2022,71,
31,285,1.1,elementum ligula vehicula consequat morbi,4/29/2021,4,
83,285,4,rhoncus aliquam lacus morbi quis,10/26/2021,47,
6,286,4.5,fermentum,9/29/2021,60,
93,286,3.6,curae mauris,1/24/2022,67,
23,287,2.6,at turpis,9/24/2021,100,
37,288,4,ut massa,2/28/2022,47,
80,288,4.2,potenti cras in purus eu,3/12/2022,39,
59,289,1.7,nam ultrices,8/8/2021,51,
48,290,1.7,turpis enim blandit,7/26/2021,65,
1,291,3.7,sit amet turpis elementum,12/10/2021,78,
25,291,4.7,vel dapibus at,12/31/2021,76,
44,291,3.6,a,3/26/2022,50,
82,291,1.5,vestibulum sagittis sapien cum,4/15/2021,57,
52,292,3.6,nullam,1/26/2022,61,
20,293,4,varius ut blandit non interdum,9/14/2021,82,
62,293,3.6,orci nullam molestie,9/24/2021,90,
68,293,4.2,odio donec vitae,3/23/2022,77,
95,293,1.6,mauris,12/18/2021,13,
18,294,3.4,ultrices enim lorem ipsum dolor,9/24/2021,11,
61,294,1.1,proin,7/9/2021,89,
86,294,1.5,quam suspendisse potenti nullam porttitor,5/12/2021,25,
31,295,1.6,etiam vel augue,5/4/2021,63,
55,295,2.9,etiam pretium iaculis justo,8/28/2021,78,
76,295,4.4,maecenas tincidunt lacus,12/23/2021,60,
29,296,1.7,luctus nec molestie sed justo,2/22/2022,52,
31,297,4,sit amet cursus,11/7/2021,27,
99,297,1.9,ultrices phasellus id,8/19/2021,35,
77,298,4.3,amet sem fusce consequat nulla,12/12/2021,38,
82,298,3.2,vel sem sed,10/12/2021,48,
91,298,2.8,non,6/23/2021,98,
99,298,3.3,vestibulum eget,1/21/2022,82,
99,299,3.9,vivamus in felis eu,5/19/2021,17,
20,300,2.2,ac leo pellentesque ultrices,4/18/2021,51,
52,300,2.5,curabitur in libero ut massa,6/18/2021,1,
72,300,1.2,sapien,6/13/2021,29,
14,301,4.9,lectus pellentesque,7/30/2021,4,
33,301,1.9,ultrices posuere,5/29/2021,64,
20,302,1.4,ante,5/19/2021,16,
8,303,2.4,imperdiet et commodo vulputate justo,4/28/2021,48,
20,303,2.6,aliquam non mauris morbi,8/12/2021,99,
42,305,3.2,sapien,10/7/2021,86,
48,307,3.1,ligula,12/16/2021,23,
17,308,2.5,eget eros,7/16/2021,76,
83,308,3,ultricies eu nibh quisque id,10/15/2021,63,
70,309,2.2,aliquam augue quam sollicitudin vitae,5/14/2021,30,
49,314,4.3,id nulla ultrices aliquet,9/17/2021,29,
76,315,1.2,leo odio condimentum id,3/2/2022,48,
22,317,2,morbi odio odio,9/24/2021,64,
11,319,4.8,tristique est et,4/3/2021,19,
28,319,4.4,morbi,1/15/2022,58,
19,323,3.5,morbi non quam,5/29/2021,16,
24,323,3.7,amet consectetuer adipiscing elit,11/7/2021,8,
28,323,4.7,aliquet pulvinar,7/18/2021,28,
75,323,2.8,tortor id,5/20/2021,91,
75,324,2,malesuada in imperdiet et commodo,4/30/2021,84,
93,324,4.8,in congue etiam,6/26/2021,81,
23,326,2.5,mollis molestie lorem quisque,12/12/2021,28,
90,326,1.4,diam vitae quam suspendisse potenti,10/4/2021,65,
58,328,4.9,elementum pellentesque quisque porta,2/25/2022,86,
18,329,2.4,consequat,10/22/2021,94,
44,329,1.3,ipsum primis in,12/25/2021,58,
74,329,2.9,scelerisque quam turpis adipiscing,9/23/2021,70,
4,330,2.1,iaculis,11/8/2021,63,
34,330,4.2,enim,11/21/2021,66,
91,330,2.4,maecenas tristique est et tempus,4/7/2021,15,
97,330,4.1,gravida sem praesent id massa,12/11/2021,8,
52,331,2.2,morbi non lectus aliquam sit,3/20/2022,29,
13,334,3.5,orci,1/13/2022,15,
8,335,3.9,ornare imperdiet,8/17/2021,49,
22,335,2.3,nascetur,5/8/2021,88,
28,335,4.5,vel accumsan tellus nisi eu,1/13/2022,74,
12,338,3.6,neque libero,11/28/2021,91,
4,339,2.6,rhoncus dui vel sem,1/4/2022,16,
4,340,1.7,aliquam,12/9/2021,1,
40,340,1.9,molestie lorem quisque ut erat,9/3/2021,48,
42,341,2.8,nisi nam ultrices libero,12/19/2021,60,
30,343,4.9,condimentum id luctus,10/18/2021,47,
39,343,1.2,dui maecenas tristique est et,11/25/2021,8,
79,343,3.1,maecenas tristique est,2/19/2022,10,
84,343,2.8,ornare consequat lectus in,4/26/2021,37,
41,344,1.9,a nibh,9/8/2021,10,
59,344,4.6,in porttitor pede justo,9/22/2021,23,
92,345,4.8,pulvinar lobortis est phasellus,6/20/2021,13,
2,346,1.3,vitae nisl aenean,2/3/2022,28,
50,346,1.5,nisi volutpat eleifend donec,10/13/2021,99,
51,346,1.7,massa tempor convallis,9/15/2021,48,
50,347,1.8,pede justo lacinia eget tincidunt,7/23/2021,67,
88,347,4.8,arcu libero,3/12/2022,45,
51,349,4,volutpat dui maecenas tristique est,4/10/2021,80,
91,349,1.9,ut nulla sed,5/23/2021,73,
34,351,1.6,ullamcorper,10/4/2021,28,
28,352,3.2,felis,9/10/2021,72,
65,353,2.8,cursus,6/3/2021,10,
83,353,3.4,interdum,1/16/2022,41,
86,353,3.4,in,7/11/2021,4,
81,355,1.1,nulla ultrices,2/20/2022,51,
10,357,3,quam sapien varius ut blandit,5/18/2021,29,
42,357,3.5,morbi porttitor lorem id,6/19/2021,95,
43,358,3.5,molestie lorem,10/18/2021,85,
73,358,5,imperdiet et commodo vulputate,11/7/2021,82,
47,359,3,pellentesque at nulla suspendisse potenti,8/27/2021,93,
87,359,2.6,faucibus accumsan odio curabitur,5/31/2021,89,
24,360,3.8,ante ipsum,7/24/2021,58,
20,361,1.3,sit amet,4/6/2021,47,
97,362,1.2,nunc purus,10/12/2021,76,
95,364,2.5,eu pede,1/14/2022,44,
15,365,2.5,et magnis dis,11/13/2021,82,
63,366,2.3,ac lobortis vel dapibus,10/19/2021,95,
80,366,2.2,viverra diam vitae quam,12/13/2021,61,
98,366,3.9,nisl,2/10/2022,8,
56,368,2.4,etiam vel augue,10/4/2021,93,
30,369,1.6,velit id pretium iaculis diam,5/20/2021,15,
75,369,4.3,rhoncus sed vestibulum,3/2/2022,99,
84,370,1.3,accumsan,7/2/2021,1,
70,371,2,justo in blandit ultrices,10/5/2021,96,
11,372,1.3,odio curabitur convallis duis consequat,11/6/2021,42,
13,372,2.2,ligula pellentesque ultrices,9/10/2021,22,
3,373,4,praesent id massa,5/31/2021,12,
93,373,4.4,nulla facilisi cras non,10/5/2021,15,
42,375,4.2,odio in hac habitasse,7/24/2021,72,
95,375,3.1,phasellus in felis donec,4/13/2021,86,
99,375,2.2,phasellus in felis,5/3/2021,41,
20,376,4.4,lacinia erat vestibulum sed magna,11/10/2021,68,
34,376,2.3,blandit lacinia erat vestibulum,4/26/2021,58,
81,377,1.5,auctor gravida sem praesent id,8/7/2021,3,
56,379,3.6,viverra,2/4/2022,64,
8,381,1.4,porttitor lorem id ligula,3/14/2022,56,
74,381,3.5,pellentesque eget nunc donec,12/7/2021,67,
100,382,3.4,in libero ut massa volutpat,2/3/2022,1,
26,384,2,sed accumsan felis ut,3/18/2022,39,
48,384,3.9,vitae,3/23/2022,74,
82,386,3.7,in sapien,8/14/2021,28,
95,386,1.6,venenatis non sodales sed tincidunt,7/10/2021,35,
75,387,2.9,imperdiet nullam orci pede venenatis,6/29/2021,27,
55,388,1.4,quam,1/10/2022,55,
60,389,4.1,ipsum,3/3/2022,41,
77,389,4.1,vulputate ut ultrices vel augue,9/22/2021,31,
85,389,1.2,justo pellentesque viverra,12/13/2021,66,
86,389,1.8,ante ipsum,8/3/2021,33,
40,390,2.1,non lectus aliquam sit,9/7/2021,90,
77,390,2.2,luctus nec molestie,12/31/2021,22,
33,391,3.2,primis in faucibus orci,1/24/2022,48,
76,391,2.5,quisque porta,9/23/2021,93,
84,391,1,turpis integer aliquet,7/24/2021,92,
1,392,4.9,purus sit amet,6/22/2021,88,
36,393,2.6,semper est quam pharetra magna,5/20/2021,56,
97,394,2.4,pede morbi porttitor,2/2/2022,6,
46,396,1.1,ligula sit,8/14/2021,91,
56,396,4.6,purus sit,3/12/2022,86,
3,398,1,ut at dolor quis,10/2/2021,65,
37,398,3.3,purus eu magna,1/28/2022,86,
51,400,4.3,dis,9/15/2021,62,
42,402,4.9,proin,11/30/2021,46,
34,403,2.3,ac,8/2/2021,77,
87,403,1.9,tristique in tempus sit,9/2/2021,54,
90,403,4,hac habitasse platea dictumst,10/30/2021,81,
97,403,1.1,diam cras pellentesque volutpat,9/27/2021,30,
60,404,4.5,non,6/14/2021,78,
22,406,3.7,sollicitudin vitae consectetuer,4/3/2021,13,
32,406,3,et magnis,12/25/2021,36,
94,407,2.7,eu sapien cursus,5/1/2021,98,
42,408,1.9,augue quam sollicitudin vitae consectetuer,2/26/2022,15,
54,408,1.8,nulla neque,9/1/2021,33,
23,409,2.5,mauris vulputate elementum,9/19/2021,87,
29,409,4.9,dictumst aliquam augue,3/7/2022,52,
90,409,1.2,aliquet massa id,1/11/2022,5,
79,410,4.7,non pretium quis lectus suspendisse,9/28/2021,38,
40,412,3.6,etiam justo etiam pretium,2/4/2022,76,
82,414,1.7,blandit ultrices,2/21/2022,35,
66,415,4.7,ut suscipit,4/17/2021,56,
39,417,1.7,luctus,11/7/2021,14,
86,417,1.1,sociis natoque penatibus et magnis,4/7/2021,50,
21,418,4,justo,6/20/2021,62,
100,420,2.4,at,12/9/2021,77,
43,421,3.5,diam,10/28/2021,49,
17,423,3,quam turpis adipiscing lorem,7/1/2021,15,
2,425,2.3,quam sollicitudin,10/1/2021,42,
4,425,3.6,blandit nam nulla integer pede,12/1/2021,19,
55,425,2.9,amet consectetuer,7/8/2021,79,
56,426,1.9,elementum pellentesque,1/14/2022,81,
55,427,3.5,augue a suscipit,11/13/2021,18,
16,430,1.6,dolor sit amet,8/6/2021,60,
74,430,1.9,faucibus orci luctus,1/28/2022,79,
87,430,3.3,vestibulum sed magna,4/26/2021,23,
94,430,4.3,rutrum,8/2/2021,34,
3,431,4,at vulputate vitae nisl aenean,2/5/2022,13,
41,431,1.3,erat tortor sollicitudin mi sit,9/29/2021,88,
42,432,3.8,malesuada in imperdiet,7/2/2021,29,
89,433,3.4,eros vestibulum,4/24/2021,27,
11,434,2.5,non mi integer ac,5/26/2021,46,
92,434,3.2,massa tempor convallis nulla,3/6/2022,69,
16,435,2.7,scelerisque quam,8/28/2021,44,
32,436,2,sem,6/19/2021,27,
78,436,1.9,feugiat non pretium quis lectus,7/28/2021,68,
69,437,1.6,vivamus vestibulum sagittis,3/4/2022,5,
71,437,4.7,sapien placerat ante nulla justo,6/7/2021,7,
46,439,3.1,ornare imperdiet,12/12/2021,28,
75,439,4.4,quis orci eget orci,4/17/2021,44,
97,439,1.7,nec dui luctus rutrum nulla,6/27/2021,51,
58,440,1.5,suspendisse,7/18/2021,20,
34,443,5,ligula in,7/24/2021,38,
51,443,3,vestibulum ante,5/3/2021,70,
79,443,1.7,quis tortor id,5/22/2021,39,
10,444,3.7,interdum,2/27/2022,85,
3,446,3.5,proin,4/27/2021,72,
27,446,3.1,primis in faucibus,4/22/2021,16,
76,446,3.8,ullamcorper,7/12/2021,92,
29,448,3.1,potenti cras in purus eu,5/6/2021,78,
77,451,2.3,velit eu,11/8/2021,100,
96,451,3.7,id lobortis convallis tortor risus,2/22/2022,21,
23,452,3.5,pellentesque eget nunc,5/17/2021,89,
83,452,4.9,blandit,12/10/2021,6,
95,452,1.7,curabitur,7/11/2021,23,
99,452,4.6,in hac habitasse,9/8/2021,98,
1,453,5,bibendum,11/22/2021,26,
31,453,1.7,porta volutpat,6/5/2021,99,
11,454,4.8,habitasse platea dictumst aliquam augue,2/19/2022,82,
57,454,2.9,tellus,6/26/2021,33,
30,458,1.8,amet sem fusce consequat nulla,5/17/2021,77,
33,459,1.7,rhoncus sed,5/26/2021,3,
11,461,4.7,non pretium,9/14/2021,47,
95,461,4.9,auctor gravida,10/30/2021,95,
6,462,3.6,tempus vel pede morbi,3/5/2022,7,
23,463,3.4,pede lobortis,3/24/2022,43,
54,463,1.2,turpis sed,4/4/2021,14,
42,464,1.3,curabitur in libero ut,3/17/2022,98,
80,465,3,etiam,5/24/2021,60,
83,465,2.7,fermentum donec ut,1/17/2022,82,
96,465,2.1,tristique in,1/19/2022,68,
8,467,4.5,et ultrices,5/30/2021,30,
23,467,3.1,sed justo pellentesque,12/5/2021,42,
51,468,3.2,nulla integer pede justo,1/9/2022,80,
6,469,4,libero quis,2/27/2022,66,
51,469,4.3,tristique fusce congue diam id,4/10/2021,62,
55,469,3.5,quam,4/30/2021,65,
18,471,2.5,odio,8/31/2021,30,
91,473,3.2,consectetuer eget,2/20/2022,51,
7,475,3.4,non sodales sed tincidunt,8/3/2021,4,
21,475,2.3,eget massa,5/27/2021,97,
57,475,3,mi in porttitor,9/20/2021,14,
47,476,3.6,risus dapibus augue,7/1/2021,40,
36,477,3.7,turpis donec,1/3/2022,12,
72,478,4.4,vehicula,11/1/2021,19,
10,479,3.8,vel sem sed sagittis,2/7/2022,39,
62,479,1.4,cursus vestibulum,7/4/2021,30,
92,479,4.4,lobortis,10/25/2021,99,
91,480,3,sagittis dui vel nisl duis,11/8/2021,63,
28,481,4.2,proin risus praesent lectus,5/21/2021,35,
93,481,4.9,justo sit amet,10/27/2021,69,
40,482,3.7,integer non,8/29/2021,42,
52,483,3.8,quisque,5/13/2021,18,
72,483,2.7,adipiscing lorem vitae,8/3/2021,60,
98,483,4.5,consequat dui nec nisi volutpat,11/13/2021,23,
3,484,2.7,gravida sem praesent id massa,11/28/2021,77,
29,484,3.8,lacus at velit vivamus vel,7/13/2021,37,
48,484,1.6,nascetur ridiculus mus,6/9/2021,76,
36,485,1.3,vel,6/16/2021,17,
35,486,1.9,interdum,7/23/2021,24,
54,486,3.9,morbi,6/27/2021,64,
73,486,3.6,sapien in sapien,10/5/2021,9,
91,486,4.6,ultrices mattis odio donec,10/15/2021,35,
32,489,4.7,a,5/24/2021,100,
56,489,1.1,amet nulla quisque,10/10/2021,8,
68,489,3.3,sed lacus morbi sem,5/30/2021,13,
90,489,2,sapien quis libero nullam,12/23/2021,85,
12,491,3.4,convallis eget eleifend luctus ultricies,12/5/2021,22,
28,492,2.4,dictumst morbi vestibulum velit id,7/23/2021,31,
53,492,2.9,orci,8/22/2021,100,
58,492,4.7,sed interdum venenatis turpis,8/9/2021,32,
98,492,3,nulla suscipit ligula in lacus,5/7/2021,61,
11,495,4.2,lectus in est risus,11/25/2021,78,
17,495,3.5,lectus,4/28/2021,56,
36,495,4.8,massa tempor,10/31/2021,10,
64,495,4,ut nulla,12/7/2021,55,
34,498,3.7,porta volutpat quam pede,10/13/2021,29,
79,498,1.8,auctor gravida sem praesent,4/5/2021,32,
7,499,3.9,luctus et,9/29/2021,93,
100,499,4.7,augue a suscipit,9/10/2021,68,
40,500,2.7,dolor sit amet,10/29/2021,95,
75,501,1.8,a suscipit nulla elit ac,9/19/2021,88,
18,502,2.5,lacinia aenean sit amet justo,10/2/2021,41,
39,502,4,fringilla rhoncus mauris,1/7/2022,31,
5,503,1.6,in porttitor pede justo eu,8/6/2021,75,
34,503,3.4,purus,12/31/2021,56,
44,504,1.1,id massa id nisl venenatis,7/26/2021,62,
76,504,1.4,sem praesent id massa id,3/21/2022,62,
47,505,1.2,amet sapien dignissim vestibulum,12/4/2021,84,
53,507,2.4,quis turpis,6/21/2021,70,
55,507,4.7,dui nec nisi,3/8/2022,11,
89,507,2.8,lectus in est risus auctor,10/5/2021,1,
98,508,4.8,phasellus sit amet,3/25/2022,19,
88,509,2.5,dolor,2/13/2022,81,
97,511,2.8,metus vitae ipsum aliquam,9/4/2021,40,
2,512,3.7,et ultrices,1/17/2022,23,
43,512,4.3,at ipsum ac tellus semper,9/20/2021,100,
4,514,1.6,enim lorem ipsum dolor,3/30/2021,16,
43,515,3.1,porttitor lacus at,4/10/2021,36,
58,516,2,in leo maecenas,6/26/2021,94,
2,517,2.8,montes,11/13/2021,47,
86,517,1.8,ultrices,9/21/2021,3,
65,519,4.3,nulla eget,6/27/2021,40,
93,520,2,sit amet nunc viverra dapibus,3/26/2022,45,
84,521,4.2,lorem ipsum dolor sit,6/24/2021,65,
68,523,4.6,sed vestibulum sit amet cursus,8/2/2021,78,
22,524,4.3,congue eget semper rutrum,1/25/2022,99,
61,525,2.2,interdum mauris ullamcorper purus,8/9/2021,50,
62,525,2.1,lacus morbi sem mauris,8/17/2021,53,
74,525,3.4,et ultrices posuere,9/29/2021,5,
99,527,1.1,bibendum felis,12/26/2021,44,
86,529,2.8,in ante vestibulum ante ipsum,10/14/2021,62,
16,530,1.5,libero nam,4/5/2021,13,
65,530,3.5,tempus vel pede morbi,5/7/2021,19,
92,530,5,curabitur at ipsum,1/28/2022,60,
1,531,1.4,in,3/13/2022,76,
80,531,1.4,id massa id nisl,9/30/2021,44,
28,532,3.6,in faucibus orci,10/27/2021,42,
34,532,3,vitae,11/25/2021,10,
35,532,3.8,pede justo eu massa donec,12/13/2021,89,
69,533,4.8,scelerisque quam turpis,8/15/2021,27,
96,533,2.8,in hac habitasse platea,11/6/2021,100,
43,534,3.4,faucibus,8/25/2021,53,
45,534,3.9,suscipit,3/21/2022,64,
51,534,1.1,in,5/1/2021,24,
12,535,2,leo,1/8/2022,25,
16,535,4.7,nunc,4/20/2021,87,
11,537,4.8,ante ipsum primis in faucibus,12/26/2021,33,
67,537,4.6,nullam orci pede venenatis non,6/7/2021,71,
48,538,4.3,adipiscing molestie hendrerit at vulputate,8/31/2021,97,
91,538,4.6,nec condimentum neque sapien,8/29/2021,33,
99,539,1.8,lobortis est phasellus sit,9/26/2021,28,
51,540,2.7,consectetuer adipiscing elit proin,8/19/2021,83,
21,541,3.6,lacus,3/13/2022,7,
55,542,3.4,sit amet sem fusce,5/26/2021,50,
15,543,3.4,at,1/18/2022,41,
93,543,2.4,hendrerit at vulputate vitae nisl,10/19/2021,94,
56,544,4.5,eleifend quam a,11/14/2021,41,
67,544,3.6,dis parturient montes,12/17/2021,20,
12,545,3.3,at feugiat non pretium quis,9/30/2021,70,
55,545,3.9,massa id nisl,11/15/2021,3,
28,546,3,turpis elementum ligula vehicula,1/24/2022,42,
36,546,1.3,tortor id nulla ultrices aliquet,9/20/2021,58,
49,546,3.5,posuere,1/25/2022,33,
87,546,2.8,odio condimentum id luctus nec,10/9/2021,94,
77,548,3.5,lectus aliquam,12/20/2021,37,
15,549,4.8,eget eleifend,2/11/2022,18,
32,549,3.5,felis fusce,3/11/2022,61,
57,550,4.6,dui nec nisi volutpat eleifend,12/28/2021,35,
93,551,1.2,nulla quisque,11/13/2021,70,
15,553,1.2,lorem id ligula suspendisse ornare,4/27/2021,13,
55,553,3,dolor morbi vel,11/26/2021,99,
63,553,4.7,volutpat quam,6/8/2021,21,
77,553,2.1,neque libero,4/4/2021,74,
3,554,3.3,erat,3/27/2021,60,
37,554,2,tincidunt in leo maecenas,3/2/2022,75,
74,554,1.5,varius integer,9/21/2021,14,
81,555,3.4,quisque erat eros viverra eget,8/25/2021,44,
41,559,2.4,duis aliquam,8/6/2021,99,
9,560,4.4,vel accumsan tellus nisi,9/26/2021,95,
21,560,4.7,varius ut blandit non,5/31/2021,57,
26,560,2.4,sed interdum,12/25/2021,80,
33,560,4.1,eget,5/21/2021,27,
10,561,4.9,bibendum felis,9/26/2021,75,
93,562,1.8,proin risus,1/26/2022,90,
60,563,3.7,fusce consequat nulla,4/29/2021,84,
69,563,4.3,nisl nunc nisl duis,2/22/2022,99,
53,568,4.4,sed augue aliquam erat,12/7/2021,41,
86,569,3.9,viverra dapibus nulla,3/14/2022,64,
98,569,3.4,aenean,2/6/2022,13,
1,571,2.8,sed tincidunt eu felis fusce,5/16/2021,32,
17,571,2.9,in consequat ut nulla,9/1/2021,40,
71,571,4.3,erat curabitur gravida,12/20/2021,34,
54,573,1.1,lacus,3/11/2022,45,
63,573,2,mauris,6/16/2021,20,
52,575,1.4,augue vestibulum,12/6/2021,49,
100,575,1.2,vulputate elementum nullam varius nulla,1/1/2022,36,
23,576,4.4,eleifend pede libero,3/23/2022,3,
63,577,2.9,sapien non,6/7/2021,40,
83,577,2.3,nulla integer,12/6/2021,36,
17,578,4.2,libero ut,4/3/2021,71,
84,579,3.1,duis at velit,10/24/2021,89,
28,580,1.2,lectus pellentesque eget nunc donec,3/7/2022,97,
98,580,3.7,sapien arcu sed,9/27/2021,72,
5,581,1.5,potenti nullam porttitor,7/9/2021,51,
23,582,4.6,consectetuer adipiscing elit proin,11/26/2021,3,
43,583,4,porta,3/28/2021,32,
82,584,2.8,pulvinar sed nisl nunc rhoncus,3/29/2021,91,
96,584,4.6,volutpat,11/2/2021,55,
34,585,1.9,lectus in quam fringilla rhoncus,10/7/2021,47,
54,587,1.5,ac est lacinia nisi venenatis,8/14/2021,60,
89,588,3.7,dui nec,4/12/2021,25,
2,589,1.5,eget eros elementum pellentesque quisque,11/6/2021,14,
85,592,3.4,nullam molestie nibh,8/30/2021,91,
25,594,2.6,primis in faucibus orci,9/29/2021,20,
22,597,4,erat volutpat in,7/30/2021,4,
60,597,4.7,proin at turpis a pede,3/15/2022,68,
18,598,2.5,lorem,5/31/2021,63,
32,598,1.4,lorem vitae mattis nibh,10/1/2021,36,
68,598,4.3,lectus vestibulum quam,3/20/2022,27,
84,599,3.2,nulla ac enim,9/25/2021,78,
94,599,1.7,ligula pellentesque,11/13/2021,44,
66,600,4.2,hendrerit at vulputate,9/13/2021,92,
52,601,5,volutpat eleifend,5/8/2021,8,
5,602,2.9,orci luctus et,6/19/2021,1,
66,602,4.9,in blandit ultrices enim,7/11/2021,4,
57,603,2.1,erat volutpat in,6/10/2021,69,
70,604,1.9,felis donec semper sapien,1/31/2022,36,
86,604,2.7,rutrum,11/6/2021,63,
98,604,2.9,in quam fringilla rhoncus,11/19/2021,5,
54,607,4.7,proin,5/30/2021,97,
42,608,4.3,erat curabitur,4/4/2021,54,
69,608,4.9,integer,10/31/2021,79,
93,608,3,velit vivamus,11/18/2021,89,
25,609,2.4,non velit,5/23/2021,45,
57,609,4.1,vivamus vestibulum,4/30/2021,69,
89,611,1.3,consectetuer adipiscing,4/13/2021,81,
92,611,4.7,id nisl,2/23/2022,97,
47,612,4.9,porta volutpat,1/3/2022,95,
40,614,4.3,elementum pellentesque quisque porta,8/22/2021,61,
56,614,2.8,non,3/6/2022,34,
51,615,1.3,dolor quis odio consequat varius,9/11/2021,27,
98,615,1.6,dignissim vestibulum vestibulum,6/27/2021,77,
39,618,3.7,eu mi nulla ac,8/26/2021,79,
69,618,3.8,ipsum,12/7/2021,3,
83,621,4.3,nullam molestie,1/25/2022,45,
85,621,1.3,in,1/23/2022,76,
49,623,1.1,vestibulum sed magna at,10/24/2021,4,
79,623,4.3,proin risus praesent lectus vestibulum,11/25/2021,32,
21,626,1.6,cubilia curae duis faucibus,10/14/2021,64,
24,626,4.1,proin leo odio,8/20/2021,50,
86,626,1.5,enim in tempor,11/15/2021,65,
77,627,4.7,potenti in,1/17/2022,14,
48,628,2.7,metus sapien ut,8/13/2021,24,
19,630,4.6,odio condimentum,5/25/2021,6,
22,630,1.1,odio in hac habitasse,10/1/2021,21,
85,630,3.6,mauris sit amet eros suspendisse,10/31/2021,75,
89,630,4.9,vitae nisi nam ultrices libero,11/11/2021,16,
32,633,2.6,id lobortis convallis tortor risus,7/16/2021,61,
73,633,4.4,odio,5/4/2021,90,
71,635,1.6,nonummy,10/10/2021,52,
74,635,4.1,maecenas leo,4/5/2021,90,
6,637,3,ante nulla justo aliquam,6/3/2021,13,
25,640,2.5,cras pellentesque,6/12/2021,72,
73,640,1.9,at diam,9/6/2021,27,
96,640,3.1,varius,6/18/2021,6,
56,642,2.7,ultrices vel augue vestibulum ante,9/25/2021,12,
89,642,3.9,eget orci vehicula,11/11/2021,12,
7,643,2.2,nulla,9/5/2021,98,
39,643,1.3,et ultrices,8/18/2021,25,
69,643,4.9,in,5/6/2021,39,
72,645,1.1,nisl,10/10/2021,74,
75,645,3.8,vulputate elementum,3/31/2021,38,
65,646,2,sapien iaculis congue vivamus,4/5/2021,84,
47,647,1.4,aenean auctor,8/9/2021,25,
8,648,1.4,pellentesque ultrices mattis odio,1/8/2022,53,
39,648,3.7,viverra pede ac,2/16/2022,48,
33,649,1.9,interdum eu,3/30/2021,47,
72,649,1.6,lorem quisque,7/9/2021,41,
96,649,4.1,etiam faucibus cursus,5/26/2021,60,
36,651,2.9,at,2/12/2022,78,
50,652,1.4,pede posuere nonummy integer non,4/16/2021,88,
35,654,1.1,tincidunt ante vel,9/23/2021,72,
16,655,4.6,vestibulum sit amet cursus id,10/23/2021,85,
77,655,1,quis,7/19/2021,81,
84,655,2.5,leo pellentesque,7/30/2021,54,
100,656,1.8,vivamus in felis eu,2/14/2022,42,
48,657,1.9,purus aliquet at feugiat,3/8/2022,55,
62,658,4.3,metus aenean fermentum,3/7/2022,85,
71,659,4.7,viverra,12/9/2021,67,
14,661,4.5,ultrices libero non mattis,9/19/2021,24,
37,661,1.4,non sodales sed tincidunt eu,9/24/2021,68,
84,662,1.7,nonummy maecenas,12/30/2021,18,
62,663,3.5,accumsan tortor,1/15/2022,14,
47,664,2.5,ac enim in,11/27/2021,71,
51,664,5,iaculis congue vivamus metus arcu,6/8/2021,51,
87,664,3.9,nibh,12/27/2021,93,
97,664,2.8,vel nisl duis ac nibh,4/9/2021,30,
1,665,1.3,nisi vulputate,10/20/2021,7,
3,665,2.6,sit amet lobortis,10/31/2021,2,
6,666,3.2,aliquam convallis nunc proin at,4/21/2021,11,
43,666,4,orci eget orci vehicula condimentum,2/18/2022,30,
4,667,3.7,nibh in lectus pellentesque at,6/17/2021,43,
57,668,3.3,non mi integer,10/5/2021,15,
99,669,2.4,porta volutpat quam pede,7/8/2021,54,
42,670,2.4,sit amet lobortis sapien,7/22/2021,14,
45,670,2.3,ut,11/30/2021,72,
60,672,4.5,magna bibendum imperdiet nullam,4/11/2021,26,
82,673,2.2,commodo,6/5/2021,92,
87,674,1.3,orci pede venenatis non sodales,8/24/2021,49,
29,677,2.7,ac tellus,1/12/2022,85,
46,678,2.9,dapibus at diam,12/3/2021,97,
95,680,4.6,maecenas leo odio condimentum,4/4/2021,31,
63,681,1.8,at turpis donec posuere,3/27/2021,16,
75,683,3.1,enim sit amet,4/17/2021,82,
93,683,4.4,cubilia curae mauris,2/26/2022,46,
35,684,4.1,lobortis est phasellus sit,8/25/2021,99,
56,684,3.4,in,6/27/2021,65,
6,687,4.1,sapien a,2/8/2022,14,
8,687,5,blandit,5/16/2021,86,
61,687,2.7,luctus cum,6/20/2021,34,
27,689,4.6,non,6/29/2021,97,
69,689,4.8,sit,2/13/2022,74,
58,690,2.3,eros elementum pellentesque quisque,7/2/2021,94,
78,690,1.6,habitasse platea dictumst maecenas,7/7/2021,23,
83,690,4.3,ultrices mattis odio donec vitae,5/21/2021,89,
68,691,4.1,tortor id nulla,11/28/2021,89,
79,691,4.7,velit eu est congue elementum,7/18/2021,61,
4,692,3.4,rutrum neque aenean auctor,9/21/2021,79,
69,692,3.2,nisi venenatis,11/24/2021,74,
35,693,4.4,sagittis,9/24/2021,82,
91,693,4.5,porttitor id consequat in,1/8/2022,5,
29,694,1.2,hac habitasse platea,1/10/2022,48,
59,694,3.9,lectus pellentesque at,11/12/2021,31,
61,694,1,dolor vel est donec odio,9/12/2021,94,
44,696,3,tristique in tempus sit,6/7/2021,75,
53,696,1.9,sagittis dui vel nisl duis,3/30/2021,40,
9,697,2.1,faucibus,3/4/2022,28,
23,697,4.2,augue a suscipit,8/16/2021,8,
75,697,1.6,faucibus accumsan,10/29/2021,66,
77,697,2.8,at,6/12/2021,79,
94,697,3.7,sapien varius ut blandit non,5/9/2021,8,
13,699,4.5,venenatis,3/8/2022,78,
40,700,3.6,est lacinia nisi venenatis tristique,8/11/2021,67,
77,701,2.4,tellus nisi eu orci,8/12/2021,58,
100,702,1.2,venenatis,4/5/2021,87,
98,703,2.4,a pede posuere,3/26/2022,99,
6,704,4.8,nulla pede ullamcorper augue a,7/19/2021,94,
9,705,1.3,id nisl venenatis,5/13/2021,79,
42,705,1.5,velit eu,3/26/2022,15,
60,705,2.2,diam erat fermentum justo,2/26/2022,18,
88,707,2.7,non velit,9/4/2021,76,
56,708,1.3,cum sociis,3/31/2021,69,
19,709,4.7,pede lobortis ligula sit,6/5/2021,94,
33,709,4.6,varius nulla facilisi,7/30/2021,51,
37,709,3.9,nam dui proin leo odio,5/14/2021,81,
40,709,3.9,in felis eu sapien,11/24/2021,14,
94,709,1.8,odio condimentum id luctus nec,10/5/2021,55,
34,710,1.3,ut erat curabitur gravida,2/26/2022,79,
37,711,1.4,fusce posuere felis,4/24/2021,56,
98,713,3.5,eu felis fusce posuere,10/18/2021,26,
2,714,2.3,sed,7/1/2021,77,
89,715,2.3,elementum in hac habitasse,1/13/2022,18,
93,715,3.6,massa,3/28/2021,88,
1,716,2,consequat ut nulla,3/26/2022,91,
11,723,3.6,rutrum neque,3/22/2022,53,
45,724,2.3,dis parturient montes nascetur,9/29/2021,40,
81,724,1.8,placerat praesent blandit,2/18/2022,68,
46,727,3.3,montes nascetur,10/15/2021,95,
11,728,3.3,erat curabitur gravida nisi,2/15/2022,7,
61,728,3.7,donec vitae nisi nam,12/27/2021,72,
12,729,3.9,varius integer ac leo pellentesque,2/25/2022,61,
22,731,2.5,consequat lectus in est risus,2/7/2022,24,
36,731,4.6,faucibus accumsan,7/13/2021,7,
63,731,4.7,adipiscing elit proin interdum mauris,12/14/2021,3,
19,732,4.2,non sodales sed tincidunt eu,3/9/2022,32,
1,733,2,vestibulum ante ipsum,6/11/2021,35,
45,734,3.1,posuere cubilia curae nulla,9/15/2021,74,
47,734,1.5,lorem ipsum dolor sit amet,10/8/2021,37,
7,738,3.6,id nulla,11/13/2021,61,
57,738,2.8,sapien dignissim vestibulum vestibulum ante,2/15/2022,9,
75,738,3.3,ante,6/24/2021,7,
70,740,4.6,consectetuer adipiscing,9/10/2021,93,
40,741,4.3,et ultrices,6/1/2021,80,
41,741,4.1,pede,5/15/2021,38,
53,741,2.6,erat tortor sollicitudin mi sit,3/20/2022,37,
17,742,2.4,cursus,7/16/2021,55,
47,742,2.2,purus sit,11/12/2021,42,
23,743,4.9,eu sapien cursus vestibulum,8/30/2021,95,
73,743,1.1,nec nisi volutpat eleifend,6/30/2021,85,
79,743,2.7,adipiscing elit,11/27/2021,54,
28,744,4.7,eu orci,8/10/2021,56,
79,745,2,faucibus orci luctus et,11/30/2021,36,
82,745,4.8,ultrices erat tortor sollicitudin mi,8/31/2021,39,
98,745,4.8,vestibulum velit,5/22/2021,22,
23,746,1.6,eros vestibulum ac est lacinia,9/26/2021,24,
20,749,4.7,quis odio consequat varius integer,10/30/2021,91,
61,749,2.9,curabitur convallis duis consequat,11/20/2021,75,
65,750,1.2,pharetra,7/27/2021,54,
67,750,2.4,eros vestibulum ac est lacinia,10/2/2021,91,
90,750,1.3,vitae nisi nam ultrices libero,4/24/2021,92,
12,751,3.1,tristique est,2/27/2022,66,
76,751,4.7,eleifend luctus ultricies eu,8/5/2021,84,
88,751,1.2,nulla tellus in sagittis dui,3/2/2022,74,
81,752,2,elit sodales scelerisque mauris,2/19/2022,79,
89,752,4.3,enim blandit,8/26/2021,20,
32,754,3.2,congue eget semper,8/30/2021,54,
37,754,3.3,eget,1/10/2022,64,
80,755,3.9,interdum eu tincidunt in leo,8/20/2021,7,
82,755,3.1,etiam,4/15/2021,92,
95,755,2.7,luctus et ultrices,4/17/2021,6,
18,756,1.3,erat curabitur,9/8/2021,67,
52,756,2.8,amet consectetuer,2/13/2022,100,
58,756,1.5,magna,1/22/2022,71,
76,756,4.8,vulputate vitae nisl aenean,6/19/2021,24,
93,756,3.6,commodo,11/9/2021,77,
45,757,1.8,leo odio condimentum id luctus,2/25/2022,14,
3,758,1.5,eget elit,5/11/2021,90,
31,761,2.6,montes nascetur ridiculus mus etiam,4/18/2021,4,
52,761,4.6,consequat dui nec nisi,11/30/2021,5,
53,761,2.2,proin,4/19/2021,41,
77,762,4.6,mollis,10/2/2021,83,
44,763,4.8,eget rutrum at lorem,9/28/2021,97,
21,766,4.1,lacinia eget,6/26/2021,57,
41,766,1.8,lorem ipsum dolor sit amet,1/28/2022,83,
78,767,4.3,ornare,3/19/2022,16,
99,767,3.1,praesent id massa id nisl,1/17/2022,7,
21,768,1.9,nam nulla integer,9/3/2021,63,
27,768,2.3,id mauris vulputate elementum,1/20/2022,39,
83,768,4.1,massa volutpat,8/9/2021,24,
14,769,3.5,tortor id nulla,6/13/2021,19,
56,769,1.1,tristique,4/18/2021,24,
15,774,4.4,ultrices vel augue,1/29/2022,47,
18,774,1.3,cras pellentesque,10/5/2021,72,
42,774,3.4,consequat nulla nisl,5/24/2021,2,
15,775,2.6,iaculis,1/22/2022,99,
48,775,1.1,eget semper,10/18/2021,25,
6,780,1.3,aliquet ultrices erat tortor,4/15/2021,29,
24,781,2.8,integer ac,12/20/2021,92,
27,781,1.1,ultrices libero,11/2/2021,3,
55,781,2.5,integer aliquet massa,4/20/2021,44,
73,781,2.8,dui proin leo odio porttitor,1/25/2022,52,
10,782,2.9,amet,8/15/2021,91,
42,783,2.7,luctus et ultrices,1/19/2022,55,
91,784,4.1,pede,1/5/2022,53,
37,787,4.9,lectus in,5/13/2021,15,
56,787,1.2,at nunc commodo placerat praesent,9/4/2021,1,
62,787,1.4,eget nunc donec quis,9/27/2021,90,
79,787,4.2,lobortis est phasellus sit,8/10/2021,17,
9,788,1.5,sit,4/14/2021,94,
71,788,4.7,mattis,7/11/2021,52,
80,789,1.3,erat,9/30/2021,86,
7,792,3.6,non lectus aliquam,10/26/2021,68,
30,792,2.1,in lacus curabitur at ipsum,1/17/2022,41,
14,793,2,cras pellentesque volutpat dui,12/8/2021,8,
99,793,2.8,nisl duis bibendum felis sed,10/14/2021,37,
2,794,1.8,nisl aenean lectus,1/9/2022,21,
14,795,1.2,sit amet consectetuer,11/3/2021,31,
99,796,2.2,massa tempor convallis nulla,7/31/2021,97,
25,797,5,in libero ut massa,2/24/2022,41,
38,798,2.3,nulla,3/12/2022,88,
63,798,4.5,id nulla ultrices aliquet,6/12/2021,97,
96,798,3.5,purus eu magna vulputate,6/24/2021,48,